{"PosX":-0.35999923944473269,"PosY":-2.759997606277466,"PosZ":0.0}