{"PosX":0.16000008583068849,"PosY":-2.0399982929229738,"PosZ":0.0}