{"PosX":4.479996204376221,"PosY":0.6399993896484375,"PosZ":0.0}